<?xml version="1.0" encoding="utf-8" ?>
<Properties>
 <Property name="Object identification" id="2000" index="0" type="7">95/14/1/0</Property>
 <Property name="Last editor: ID" id="3010" index="0" type="7"/>
 <Property name="Last editor: Name" id="3011" index="0" type="7"/>
 <Property name="Last editor: Phone" id="3012" index="0" type="7"/>
 <Property name="Last editor: E-mail" id="3013" index="0" type="7"/>
 <Property name="Project structure: Functional assignment" id="10001" index="0" type="7"/>
 <Property name="Project structure: Function designation" id="10002" index="0" type="7">&lt;1100&gt;&lt;1101&gt;&lt;1102&gt;&lt;1103&gt;&lt;1104&gt;&lt;1105&gt;&lt;1106&gt;&lt;1107&gt;&lt;1108&gt;&lt;1109&gt;</Property>
 <Property name="Project structure: Installation site" id="10003" index="0" type="7"/>
 <Property name="Project structure: Location designation" id="10004" index="0" type="7">&lt;1200&gt;&lt;1201&gt;&lt;1202&gt;&lt;1203&gt;&lt;1204&gt;&lt;1205&gt;&lt;1206&gt;&lt;1207&gt;&lt;1208&gt;&lt;1209&gt;</Property>
 <Property name="Project structure: Higher-level function number" id="10005" index="0" type="7">&lt;1700&gt;</Property>
 <Property name="Project structure: Document type" id="10006" index="0" type="7"/>
 <Property name="Project structure: User-defined structure" id="10007" index="0" type="7"/>
 <Property name="Project name (full)" id="10009" index="0" type="7">D:\ISO DOCUMENTATION\2024\APTIV\KIA\KIA STATION - 3\DRAWING\SCREW TORQUEING STATION.elk</Property>
 <Property name="Project path" id="10010" index="0" type="7">D:\ISO DOCUMENTATION\2024\APTIV\KIA\KIA STATION - 3\DRAWING</Property>
 <Property name="Project description" id="10011" index="0" type="15">de_DE@Basisprojekt mit Kennzeichnungsstruktur gemäß IEC-Norm: Seitenstruktur mit Funktionskennzeichen und Ortskennzeichen;en_US@SCREWING STATION;es_ES@Proyecto básico con estructura de designación según los estándares IEC: Estructura de página con designación de función y designación de localización;fr_FR@Projet de base avec structure d&apos;identification selon la norme IEC : Structure de page avec identificateur de fonction et identificateur de localisation;nl_NL@Basisproject met coderingsstructuur volgens IEC-norm: Paginastructuur met functie aanduiding en locatie aanduiding;sv_SE@Basprojekt med beteckningsstruktur enligt IEC-normen: Bladstruktur med funktionsbeteckning och placeringsbeteckning;da_DK@Basisprojekt med identificerende struktur iht. IEC-standard: Sidestruktur med funktionsbetegnelse og lokationsbetegnelse;ru_RU@Базовый проект со структурой обозначений согласно стандарту IEC: Структура страницы с функциональным назначением и местом установки;zh_CN@带 IEC 标准标识结构的基本项目:带有高层代号和位置代号的页结构;pl_PL@Projekt bazowy ze strukturą oznaczenia zgodnie z normą IEC: Struktura stron z oznaczeniem funkcji i oznaczeniem miejsca;pt_BR@Projeto de base com estrutura de identificação de acordo com a norma IEC: Estrutura da página com designação de função e designação de localização;cs_CZ@Základní projekt se strukturou označení podle normy IEC: Struktura stran s označením funkce a označením umístění;it_IT@Progetto di base con struttura identificativa conforme alla norma IEC: Struttura pagine con identificativo della funzione e luogo di montaggio;hu_HU@Bázisprojekt jelzési szerkezettel az IEC-szabvány szerint: Tervlapstruktúra főcsoporttal és beépítési hellyel;pt_PT@Projeto de base com estrutura de identificação de acordo com a norma IEC: Estrutura de página com designação da função e designação da localização;ko_KR@IEC 표준에 따른 식별 구조가 있는 기본 프로젝트: 상위 레벨 기능 및 부착 영역이 있는 페이지 구조;ja_JP@基本プロジェクト、IEC 規格に準拠した識別子構造: 機能観点および位置観点を使用したページ構造;tr_TR@IEC standardı uyarınca tanımlama yapılı ana proje: Fonksiyon tanımlayıcısı ve konum tanımlayıcısı içeren sayfa yapısı;ro_RO@Proiect de bază cu structură indicator conform standardului IEC: Structură pagină cu funcție superioară și denumire locație;zh_TW@根據 IEC 標準具識別結構的基本專案：含功能代號與位置代號的頁面結構;</Property>
 <Property name="Use page name in DT" id="10012" index="0" type="1">0</Property>
 <Property name="Job number" id="10013" index="0" type="7">20-24-</Property>
 <Property name="Commission" id="10014" index="0" type="15">de_DE@EPLAN;en_US@EPLAN;es_ES@EPLAN;fr_FR@EPLAN;nl_NL@EPLAN;sv_SE@EPLAN;da_DK@EPLAN;ru_RU@EPLAN;zh_CN@EPLAN;pl_PL@EPLAN;pt_BR@EPLAN;cs_CZ@EPLAN;it_IT@EPLAN;hu_HU@EPLAN;pt_PT@EPLAN;ko_KR@EPLAN;ja_JP@EPLAN;tr_TR@EPLAN;ro_RO@EPLAN;zh_TW@EPLAN;</Property>
 <Property name="Company name" id="10015" index="0" type="7">EPLAN GmbH &amp; Co. KG</Property>
 <Property name="Company address 1" id="10016" index="0" type="7">An der alten Ziegelei 2</Property>
 <Property name="Company address 2" id="10017" index="0" type="7">D-40789 Monheim am Rhein / Germany</Property>
 <Property name="Separator for structures" id="10018" index="0" type="7">16&#9;==&#9;.&#9;=&#9;.&#9;++&#9;.&#9;+&#9;.&#9;&#9;&#9;&amp;&#9;&#9;#&#9;#&#9;-&#9;-</Property>
 <Property name="Nested device tags" id="10019" index="0" type="7">16&#9;0&#9;1&#9;1&#9;1&#9;1&#9;0&#9;1&#9;0&#9;0&#9;0&#9;0&#9;0&#9;0&#9;0&#9;0&#9;0</Property>
 <Property name="Creator" id="10020" index="0" type="7">ENPRODUCTS</Property>
 <Property name="Creation date" id="10021" index="0" type="14">1728361651</Property>
 <Property name="Last editor: Sign-in name" id="10022" index="0" type="7">ENPRODUCTS</Property>
 <Property name="Modification date" id="10023" index="0" type="14">1734408999</Property>
 <Property name="Last translation: Date" id="10024" index="0" type="14">1628151284</Property>
 <Property name="Date" id="10027" index="0" type="14">1734492261</Property>
 <Property name="Project start" id="10028" index="0" type="14">1728361682</Property>
 <Property name="Superior structure formats" id="10029" index="0" type="7">4&#9;0&#9;0&#9;0&#9;0</Property>
 <Property name="Environmental consideration" id="10034" index="0" type="15">de_DE@keine;en_US@None;nl_NL@geen;fr_FR@aucune;es_ES@ninguno;sv_SE@ingen;da_DK@ingen;zh_CN@无;ru_RU@нет;pl_PL@brak;pt_BR@nenhum;cs_CZ@žádné;it_IT@nessuna;hu_HU@nincs;pt_PT@nenhum;ko_KR@없음;ja_JP@なし;tr_TR@yok;ro_RO@niciunul/niciuna;zh_TW@無;</Property>
 <Property name="Last EPLAN version used" id="10043" index="0" type="7">2022.0.3</Property>
 <Property name="Last EPLAN build number used" id="10044" index="0" type="7">17561</Property>
 <Property name="Project path (full)" id="10045" index="0" type="7">D:\ISO DOCUMENTATION\2024\APTIV\KIA\KIA STATION - 3\DRAWING</Property>
 <Property name="Creation time" id="10046" index="0" type="7">09:57:31</Property>
 <Property name="Modification time" id="10047" index="0" type="7">09:46:39</Property>
 <Property name="Last translation: Time" id="10048" index="0" type="7">13:44:44</Property>
 <Property name="Structure format for pages" id="10050" index="0" type="7">&lt;10002&gt;&lt;10004&gt;&lt;11012&gt;&lt;11013&gt;</Property>
 <Property name="Structure format for interruption points" id="10051" index="0" type="7">&lt;10002&gt;&lt;10004&gt;&lt;20012&gt;&lt;20013&gt;&lt;20014&gt;&lt;20015&gt;</Property>
 <Property name="Structure format for busbars" id="10053" index="0" type="7">&lt;10002&gt;&lt;10004&gt;&lt;20012&gt;&lt;20013&gt;&lt;20014&gt;&lt;20015&gt;&lt;20016&gt;&lt;20017&gt;&lt;20018&gt;&lt;20019&gt;</Property>
 <Property name="Superior structure format for all devices" id="10054" index="0" type="7">&lt;10002&gt;&lt;10004&gt;&lt;10005&gt;&lt;20012&gt;&lt;20013&gt;&lt;20014&gt;&lt;20015&gt;&lt;20016&gt;&lt;20017&gt;&lt;20018&gt;&lt;20019&gt;</Property>
 <Property name="Structure format for general devices" id="10055" index="0" type="7">&lt;10002&gt;&lt;10004&gt;&lt;20012&gt;&lt;20013&gt;&lt;20014&gt;&lt;20015&gt;&lt;20016&gt;&lt;20017&gt;&lt;20018&gt;&lt;20019&gt;</Property>
 <Property name="Structure format for black boxes" id="10056" index="0" type="7">&lt;10002&gt;&lt;10004&gt;&lt;20012&gt;&lt;20013&gt;&lt;20014&gt;&lt;20015&gt;&lt;20016&gt;&lt;20017&gt;&lt;20018&gt;&lt;20019&gt;</Property>
 <Property name="Structure format for PLC / bus technology" id="10057" index="0" type="7">&lt;10002&gt;&lt;10004&gt;&lt;20012&gt;&lt;20013&gt;&lt;20014&gt;&lt;20015&gt;&lt;20016&gt;&lt;20017&gt;&lt;20018&gt;&lt;20019&gt;</Property>
 <Property name="Time of the day" id="10058" index="0" type="14">1734492261</Property>
 <Property name="Structure format for terminal strips" id="10059" index="0" type="7">&lt;10002&gt;&lt;10004&gt;&lt;20012&gt;&lt;20013&gt;&lt;20014&gt;&lt;20015&gt;&lt;20016&gt;&lt;20017&gt;&lt;20018&gt;&lt;20019&gt;</Property>
 <Property name="Structure format for plugs" id="10060" index="0" type="7">&lt;10002&gt;&lt;10004&gt;&lt;20012&gt;&lt;20013&gt;&lt;20014&gt;&lt;20015&gt;&lt;20016&gt;&lt;20017&gt;&lt;20018&gt;&lt;20019&gt;</Property>
 <Property name="Structure format for cables" id="10061" index="0" type="7">&lt;10002&gt;&lt;10004&gt;&lt;20012&gt;&lt;20013&gt;&lt;20014&gt;&lt;20015&gt;&lt;20016&gt;&lt;20017&gt;&lt;20018&gt;&lt;20019&gt;</Property>
 <Property name="Structure format for structure boxes" id="10062" index="0" type="7">&lt;10002&gt;&lt;10004&gt;&lt;10005&gt;&lt;20012&gt;&lt;20013&gt;&lt;20014&gt;&lt;20015&gt;&lt;20016&gt;&lt;20017&gt;&lt;20018&gt;&lt;20019&gt;</Property>
 <Property name="Structure format for fluid devices" id="10063" index="0" type="7">&lt;10005&gt;&lt;20012&gt;&lt;20013&gt;&lt;20014&gt;&lt;20015&gt;&lt;20016&gt;&lt;20017&gt;&lt;20018&gt;&lt;20019&gt;</Property>
 <Property name="Structure format for fluid connection splicer / line connector" id="10064" index="0" type="7">&lt;20012&gt;&lt;20013&gt;&lt;20014&gt;&lt;20015&gt;&lt;20016&gt;&lt;20017&gt;&lt;20018&gt;&lt;20019&gt;</Property>
 <Property name="Number of frozen pages per page type" id="10065" index="1" type="4">0</Property>
 <Property name="Number of frozen pages per page type" id="10065" index="2" type="4">0</Property>
 <Property name="Number of frozen pages per page type" id="10065" index="3" type="4">0</Property>
 <Property name="Number of frozen pages per page type" id="10065" index="4" type="4">0</Property>
 <Property name="Number of frozen pages per page type" id="10065" index="5" type="4">0</Property>
 <Property name="Number of frozen pages per page type" id="10065" index="6" type="4">0</Property>
 <Property name="Number of frozen pages per page type" id="10065" index="7" type="4">0</Property>
 <Property name="Number of frozen pages per page type" id="10065" index="8" type="4">0</Property>
 <Property name="Number of frozen pages per page type" id="10065" index="9" type="4">0</Property>
 <Property name="Number of frozen pages per page type" id="10065" index="10" type="4">0</Property>
 <Property name="Number of frozen pages per page type" id="10065" index="11" type="4">0</Property>
 <Property name="Number of frozen pages per page type" id="10065" index="12" type="4">0</Property>
 <Property name="Number of frozen pages per page type" id="10065" index="13" type="4">0</Property>
 <Property name="Number of frozen pages per page type" id="10065" index="14" type="4">0</Property>
 <Property name="Number of frozen pages per page type" id="10065" index="15" type="4">0</Property>
 <Property name="Number of frozen pages per page type" id="10065" index="16" type="4">0</Property>
 <Property name="Number of frozen pages per page type" id="10065" index="17" type="4">1</Property>
 <Property name="Number of frozen pages per page type" id="10065" index="18" type="4">0</Property>
 <Property name="Number of frozen pages per page type" id="10065" index="19" type="4">0</Property>
 <Property name="Number of frozen pages per page type" id="10065" index="20" type="4">0</Property>
 <Property name="Number of frozen pages per page type" id="10065" index="21" type="4">0</Property>
 <Property name="Number of frozen pages per page type" id="10065" index="22" type="4">0</Property>
 <Property name="Number of frozen pages per page type" id="10065" index="23" type="4">0</Property>
 <Property name="Number of frozen pages per page type" id="10065" index="24" type="4">0</Property>
 <Property name="Number of frozen pages per page type" id="10065" index="25" type="4">0</Property>
 <Property name="Number of frozen pages per page type" id="10065" index="26" type="4">0</Property>
 <Property name="Number of frozen pages per page type" id="10065" index="27" type="4">0</Property>
 <Property name="Number of frozen pages per page type" id="10065" index="28" type="4">0</Property>
 <Property name="Number of frozen pages per page type" id="10065" index="29" type="4">0</Property>
 <Property name="Number of frozen pages per page type" id="10065" index="30" type="4">0</Property>
 <Property name="Number of frozen pages per page type" id="10065" index="31" type="4">0</Property>
 <Property name="Number of frozen pages per page type" id="10065" index="32" type="4">0</Property>
 <Property name="Number of frozen pages per page type" id="10065" index="33" type="4">0</Property>
 <Property name="Number of frozen pages per page type" id="10065" index="34" type="4">0</Property>
 <Property name="Number of frozen pages per page type" id="10065" index="35" type="4">0</Property>
 <Property name="Number of frozen pages per page type" id="10065" index="36" type="4">0</Property>
 <Property name="Number of frozen pages per page type" id="10065" index="37" type="4">0</Property>
 <Property name="Number of frozen pages per page type" id="10065" index="38" type="4">0</Property>
 <Property name="Number of frozen pages per page type" id="10065" index="39" type="4">0</Property>
 <Property name="Number of frozen pages per page type" id="10065" index="40" type="4">0</Property>
 <Property name="Number of frozen pages per page type" id="10065" index="41" type="4">0</Property>
 <Property name="Number of frozen pages per page type" id="10065" index="42" type="4">0</Property>
 <Property name="Number of frozen pages per page type" id="10065" index="43" type="4">0</Property>
 <Property name="Number of frozen pages per page type" id="10065" index="44" type="4">0</Property>
 <Property name="Number of frozen pages per page type" id="10065" index="45" type="4">0</Property>
 <Property name="Number of frozen pages per page type" id="10065" index="46" type="4">0</Property>
 <Property name="Number of frozen pages per page type" id="10065" index="47" type="4">0</Property>
 <Property name="Number of frozen pages per page type" id="10065" index="48" type="4">0</Property>
 <Property name="Number of frozen pages per page type" id="10065" index="49" type="4">0</Property>
 <Property name="Number of frozen pages per page type" id="10065" index="50" type="4">0</Property>
 <Property name="Number of frozen pages per page type" id="10065" index="51" type="4">0</Property>
 <Property name="Number of frozen pages per page type" id="10065" index="52" type="4">0</Property>
 <Property name="Number of frozen pages per page type" id="10065" index="53" type="4">0</Property>
 <Property name="Number of frozen pages per page type" id="10065" index="54" type="4">0</Property>
 <Property name="Number of frozen pages per page type" id="10065" index="55" type="4">0</Property>
 <Property name="Number of frozen pages per page type" id="10065" index="56" type="4">0</Property>
 <Property name="Number of frozen pages per page type" id="10065" index="57" type="4">0</Property>
 <Property name="Number of frozen pages per page type" id="10065" index="58" type="4">0</Property>
 <Property name="Number of frozen pages per page type" id="10065" index="59" type="4">0</Property>
 <Property name="Number of frozen pages per page type" id="10065" index="60" type="4">0</Property>
 <Property name="Number of frozen pages per page type" id="10065" index="61" type="4">0</Property>
 <Property name="Number of frozen pages per page type" id="10065" index="62" type="4">0</Property>
 <Property name="Number of frozen pages per page type" id="10065" index="63" type="4">0</Property>
 <Property name="Project: Template" id="10069" index="0" type="7">IEC_bas001.zw9</Property>
 <Property name="Naming format for pages" id="10070" index="0" type="7">&lt;10002&gt;&lt;10004&gt;&lt;11012&gt;&lt;11013&gt;</Property>
 <Property name="Naming format for interruption points" id="10071" index="0" type="7">&lt;10002&gt;&lt;10004&gt;&lt;20012&gt;&lt;20013&gt;&lt;20014&gt;&lt;20015&gt;</Property>
 <Property name="Internal: Build" id="10072" index="0" type="7">17561</Property>
 <Property name="Naming format for busbars" id="10073" index="0" type="7">&lt;10002&gt;&lt;10004&gt;&lt;20012&gt;&lt;20013&gt;&lt;20014&gt;&lt;20015&gt;&lt;20016&gt;&lt;20017&gt;&lt;20018&gt;&lt;20019&gt;</Property>
 <Property name="Superior naming format for all devices" id="10074" index="0" type="7">&lt;10002&gt;&lt;10004&gt;&lt;10005&gt;&lt;20012&gt;&lt;20013&gt;&lt;20014&gt;&lt;20015&gt;&lt;20016&gt;&lt;20017&gt;&lt;20018&gt;&lt;20019&gt;</Property>
 <Property name="Naming format for devices" id="10075" index="0" type="7">&lt;10002&gt;&lt;10004&gt;&lt;20012&gt;&lt;20013&gt;&lt;20014&gt;&lt;20015&gt;&lt;20016&gt;&lt;20017&gt;&lt;20018&gt;&lt;20019&gt;</Property>
 <Property name="Naming format for black boxes" id="10076" index="0" type="7">&lt;10002&gt;&lt;10004&gt;&lt;20012&gt;&lt;20013&gt;&lt;20014&gt;&lt;20015&gt;&lt;20016&gt;&lt;20017&gt;&lt;20018&gt;&lt;20019&gt;</Property>
 <Property name="Naming format for PLC / bus technology" id="10077" index="0" type="7">&lt;10002&gt;&lt;10004&gt;&lt;20012&gt;&lt;20013&gt;&lt;20014&gt;&lt;20015&gt;&lt;20016&gt;&lt;20017&gt;&lt;20018&gt;&lt;20019&gt;</Property>
 <Property name="Naming format for terminal strips" id="10079" index="0" type="7">&lt;10002&gt;&lt;10004&gt;&lt;20012&gt;&lt;20013&gt;&lt;20014&gt;&lt;20015&gt;&lt;20016&gt;&lt;20017&gt;&lt;20018&gt;&lt;20019&gt;</Property>
 <Property name="Naming format for plugs" id="10080" index="0" type="7">&lt;10002&gt;&lt;10004&gt;&lt;20012&gt;&lt;20013&gt;&lt;20014&gt;&lt;20015&gt;&lt;20016&gt;&lt;20017&gt;&lt;20018&gt;&lt;20019&gt;</Property>
 <Property name="Naming format for cables" id="10081" index="0" type="7">&lt;10002&gt;&lt;10004&gt;&lt;20012&gt;&lt;20013&gt;&lt;20014&gt;&lt;20015&gt;&lt;20016&gt;&lt;20017&gt;&lt;20018&gt;&lt;20019&gt;</Property>
 <Property name="Naming format for structure boxes" id="10082" index="0" type="7">&lt;10002&gt;&lt;10004&gt;&lt;10005&gt;&lt;20012&gt;&lt;20013&gt;&lt;20014&gt;&lt;20015&gt;&lt;20016&gt;&lt;20017&gt;&lt;20018&gt;&lt;20019&gt;</Property>
 <Property name="Naming format for fluid devices" id="10083" index="0" type="7">&lt;10005&gt;&lt;20012&gt;&lt;20013&gt;&lt;20014&gt;&lt;20015&gt;&lt;20016&gt;&lt;20017&gt;&lt;20018&gt;&lt;20019&gt;</Property>
 <Property name="Naming format for fluid connection splicer / line connector" id="10084" index="0" type="7">&lt;20012&gt;&lt;20013&gt;&lt;20014&gt;&lt;20015&gt;&lt;20016&gt;&lt;20017&gt;&lt;20018&gt;&lt;20019&gt;</Property>
 <Property name="Structure format for mechanical devices" id="10085" index="0" type="7">&lt;10002&gt;&lt;10004&gt;&lt;20012&gt;&lt;20013&gt;&lt;20014&gt;&lt;20015&gt;&lt;20016&gt;&lt;20017&gt;&lt;20018&gt;&lt;20019&gt;</Property>
 <Property name="Naming format for mechanical devices" id="10086" index="0" type="7">&lt;10002&gt;&lt;10004&gt;&lt;20012&gt;&lt;20013&gt;&lt;20014&gt;&lt;20015&gt;&lt;20016&gt;&lt;20017&gt;&lt;20018&gt;&lt;20019&gt;</Property>
 <Property name="Internal: Highest used EPLAN build number" id="10087" index="0" type="4">17561</Property>
 <Property name="Internal: Highest used EPLAN version" id="10088" index="0" type="7">2022.0.3.17561</Property>
 <Property name="Sequence of the project structures in the page name" id="10089" index="0" type="7">&lt;10001&gt;&lt;10002&gt;&lt;10003&gt;&lt;10004&gt;&lt;10006&gt;&lt;10007&gt;&lt;10005&gt;</Property>
 <Property name="Edit DT in individual fields" id="10090" index="0" type="1">0</Property>
 <Property name="Sequence of individual DT properties" id="10091" index="0" type="7"/>
 <Property name="Structure of tree structure in page tree" id="10092" index="0" type="7">3&#9;11017&#9;0&#9;0&#9;10002&#9;0&#9;1&#9;10004&#9;0&#9;1</Property>
 <Property name="Show descriptive identifiers in page tree" id="10093" index="0" type="1">0</Property>
 <Property name="Structure of the tree structure in the device navigators" id="10094" index="0" type="7">3&#9;10002&#9;0&#9;1&#9;10004&#9;0&#9;1&#9;10005&#9;0&#9;1&#9;20012&#9;0&#9;0&#9;20013&#9;0&#9;0&#9;20014&#9;0&#9;0&#9;20015&#9;0&#9;0</Property>
 <Property name="Show descriptive identifiers in device navigators" id="10095" index="0" type="1">0</Property>
 <Property name="Highest revision index (change tracking)" id="10098" index="0" type="7"/>
 <Property name="Revision: Original project name" id="10149" index="0" type="7"/>
 <Property name="Approved by" id="10160" index="0" type="7">ANISH N</Property>
 <Property name="Checked by" id="10162" index="0" type="7">GODBIN K SAM</Property>
 <Property name="Unique project ID" id="10184" index="0" type="7">IEC_bas001@1728361681</Property>
 <Property name="License number of dongle" id="10185" index="0" type="7">CHAOS363</Property>
 <Property name="Number of pages per page type" id="10200" index="1" type="4">11</Property>
 <Property name="Number of pages per page type" id="10200" index="2" type="4">0</Property>
 <Property name="Number of pages per page type" id="10200" index="3" type="4">0</Property>
 <Property name="Number of pages per page type" id="10200" index="4" type="4">0</Property>
 <Property name="Number of pages per page type" id="10200" index="5" type="4">0</Property>
 <Property name="Number of pages per page type" id="10200" index="6" type="4">0</Property>
 <Property name="Number of pages per page type" id="10200" index="7" type="4">0</Property>
 <Property name="Number of pages per page type" id="10200" index="8" type="4">0</Property>
 <Property name="Number of pages per page type" id="10200" index="9" type="4">0</Property>
 <Property name="Number of pages per page type" id="10200" index="10" type="4">0</Property>
 <Property name="Number of pages per page type" id="10200" index="11" type="4">0</Property>
 <Property name="Number of pages per page type" id="10200" index="12" type="4">0</Property>
 <Property name="Number of pages per page type" id="10200" index="13" type="4">0</Property>
 <Property name="Number of pages per page type" id="10200" index="14" type="4">0</Property>
 <Property name="Number of pages per page type" id="10200" index="15" type="4">0</Property>
 <Property name="Number of pages per page type" id="10200" index="16" type="4">0</Property>
 <Property name="Number of pages per page type" id="10200" index="17" type="4">1</Property>
 <Property name="Number of pages per page type" id="10200" index="18" type="4">0</Property>
 <Property name="Number of pages per page type" id="10200" index="19" type="4">0</Property>
 <Property name="Number of pages per page type" id="10200" index="20" type="4">0</Property>
 <Property name="Number of pages per page type" id="10200" index="21" type="4">0</Property>
 <Property name="Number of pages per page type" id="10200" index="22" type="4">0</Property>
 <Property name="Number of pages per page type" id="10200" index="23" type="4">0</Property>
 <Property name="Number of pages per page type" id="10200" index="24" type="4">0</Property>
 <Property name="Number of pages per page type" id="10200" index="25" type="4">0</Property>
 <Property name="Number of pages per page type" id="10200" index="26" type="4">0</Property>
 <Property name="Number of pages per page type" id="10200" index="27" type="4">0</Property>
 <Property name="Number of pages per page type" id="10200" index="28" type="4">0</Property>
 <Property name="Number of pages per page type" id="10200" index="29" type="4">0</Property>
 <Property name="Number of pages per page type" id="10200" index="30" type="4">0</Property>
 <Property name="Number of pages per page type" id="10200" index="31" type="4">0</Property>
 <Property name="Number of pages per page type" id="10200" index="32" type="4">0</Property>
 <Property name="Number of pages per page type" id="10200" index="33" type="4">0</Property>
 <Property name="Number of pages per page type" id="10200" index="34" type="4">0</Property>
 <Property name="Number of pages per page type" id="10200" index="35" type="4">0</Property>
 <Property name="Number of pages per page type" id="10200" index="36" type="4">0</Property>
 <Property name="Number of pages per page type" id="10200" index="37" type="4">0</Property>
 <Property name="Number of pages per page type" id="10200" index="38" type="4">0</Property>
 <Property name="Number of pages per page type" id="10200" index="39" type="4">0</Property>
 <Property name="Number of pages per page type" id="10200" index="40" type="4">0</Property>
 <Property name="Number of pages per page type" id="10200" index="41" type="4">0</Property>
 <Property name="Number of pages per page type" id="10200" index="42" type="4">0</Property>
 <Property name="Number of pages per page type" id="10200" index="43" type="4">0</Property>
 <Property name="Number of pages per page type" id="10200" index="44" type="4">0</Property>
 <Property name="Number of pages per page type" id="10200" index="45" type="4">0</Property>
 <Property name="Number of pages per page type" id="10200" index="46" type="4">0</Property>
 <Property name="Number of pages per page type" id="10200" index="47" type="4">0</Property>
 <Property name="Number of pages per page type" id="10200" index="48" type="4">0</Property>
 <Property name="Number of pages per page type" id="10200" index="49" type="4">0</Property>
 <Property name="Number of pages per page type" id="10200" index="50" type="4">0</Property>
 <Property name="Number of pages per page type" id="10200" index="51" type="4">0</Property>
 <Property name="Number of pages per page type" id="10200" index="52" type="4">0</Property>
 <Property name="Number of pages per page type" id="10200" index="53" type="4">0</Property>
 <Property name="Number of pages per page type" id="10200" index="54" type="4">0</Property>
 <Property name="Number of pages per page type" id="10200" index="55" type="4">0</Property>
 <Property name="Number of pages per page type" id="10200" index="56" type="4">0</Property>
 <Property name="Number of pages per page type" id="10200" index="57" type="4">0</Property>
 <Property name="Number of pages per page type" id="10200" index="58" type="4">0</Property>
 <Property name="Number of pages per page type" id="10200" index="59" type="4">0</Property>
 <Property name="Number of pages per page type" id="10200" index="60" type="4">0</Property>
 <Property name="Number of pages per page type" id="10200" index="61" type="4">0</Property>
 <Property name="Number of pages per page type" id="10200" index="62" type="4">0</Property>
 <Property name="Number of pages per page type" id="10200" index="63" type="4">0</Property>
 <Property name="Creator: Short name" id="10230" index="0" type="7">EPLAN</Property>
 <Property name="Creator: Title" id="10231" index="0" type="7">Firma</Property>
 <Property name="Creator: Name 1" id="10232" index="0" type="7">SACHIN S</Property>
 <Property name="Creator: Street" id="10235" index="0" type="7">An der alten Ziegelei 2</Property>
 <Property name="Creator: Zip code (City)" id="10237" index="0" type="7">40789</Property>
 <Property name="Creator: City" id="10238" index="0" type="7">Monheim am Rhein</Property>
 <Property name="Creator: Country" id="10239" index="0" type="7">Deutschland</Property>
 <Property name="Creator: Phone" id="10240" index="0" type="7">+49 (0)2173 - 39 64 - 0</Property>
 <Property name="Creator: Fax" id="10241" index="0" type="7">+49 (0)2173 - 39 64 - 25</Property>
 <Property name="Last modification date per page type" id="10250" index="1" type="14">1733131420</Property>
 <Property name="Last modification date per page type" id="10250" index="2" type="14"/>
 <Property name="Last modification date per page type" id="10250" index="3" type="14"/>
 <Property name="Last modification date per page type" id="10250" index="4" type="14"/>
 <Property name="Last modification date per page type" id="10250" index="5" type="14"/>
 <Property name="Last modification date per page type" id="10250" index="6" type="14"/>
 <Property name="Last modification date per page type" id="10250" index="7" type="14"/>
 <Property name="Last modification date per page type" id="10250" index="8" type="14"/>
 <Property name="Last modification date per page type" id="10250" index="9" type="14"/>
 <Property name="Last modification date per page type" id="10250" index="10" type="14"/>
 <Property name="Last modification date per page type" id="10250" index="11" type="14"/>
 <Property name="Last modification date per page type" id="10250" index="12" type="14"/>
 <Property name="Last modification date per page type" id="10250" index="13" type="14"/>
 <Property name="Last modification date per page type" id="10250" index="14" type="14"/>
 <Property name="Last modification date per page type" id="10250" index="15" type="14"/>
 <Property name="Last modification date per page type" id="10250" index="16" type="14"/>
 <Property name="Last modification date per page type" id="10250" index="17" type="14">1733304739</Property>
 <Property name="Last modification date per page type" id="10250" index="18" type="14"/>
 <Property name="Last modification date per page type" id="10250" index="19" type="14"/>
 <Property name="Last modification date per page type" id="10250" index="20" type="14"/>
 <Property name="Last modification date per page type" id="10250" index="21" type="14"/>
 <Property name="Last modification date per page type" id="10250" index="22" type="14"/>
 <Property name="Last modification date per page type" id="10250" index="23" type="14"/>
 <Property name="Last modification date per page type" id="10250" index="24" type="14"/>
 <Property name="Last modification date per page type" id="10250" index="25" type="14"/>
 <Property name="Last modification date per page type" id="10250" index="26" type="14"/>
 <Property name="Last modification date per page type" id="10250" index="27" type="14"/>
 <Property name="Last modification date per page type" id="10250" index="28" type="14"/>
 <Property name="Last modification date per page type" id="10250" index="29" type="14"/>
 <Property name="Last modification date per page type" id="10250" index="30" type="14"/>
 <Property name="Last modification date per page type" id="10250" index="31" type="14"/>
 <Property name="Last modification date per page type" id="10250" index="32" type="14"/>
 <Property name="Last modification date per page type" id="10250" index="33" type="14"/>
 <Property name="Last modification date per page type" id="10250" index="34" type="14"/>
 <Property name="Last modification date per page type" id="10250" index="35" type="14"/>
 <Property name="Last modification date per page type" id="10250" index="36" type="14"/>
 <Property name="Last modification date per page type" id="10250" index="37" type="14"/>
 <Property name="Last modification date per page type" id="10250" index="38" type="14"/>
 <Property name="Last modification date per page type" id="10250" index="39" type="14"/>
 <Property name="Last modification date per page type" id="10250" index="40" type="14"/>
 <Property name="Last modification date per page type" id="10250" index="41" type="14"/>
 <Property name="Last modification date per page type" id="10250" index="42" type="14"/>
 <Property name="Last modification date per page type" id="10250" index="43" type="14"/>
 <Property name="Last modification date per page type" id="10250" index="44" type="14"/>
 <Property name="Last modification date per page type" id="10250" index="45" type="14"/>
 <Property name="Last modification date per page type" id="10250" index="46" type="14"/>
 <Property name="Last modification date per page type" id="10250" index="47" type="14"/>
 <Property name="Last modification date per page type" id="10250" index="48" type="14"/>
 <Property name="Last modification date per page type" id="10250" index="49" type="14"/>
 <Property name="Last modification date per page type" id="10250" index="50" type="14"/>
 <Property name="Last modification date per page type" id="10250" index="51" type="14"/>
 <Property name="Last modification date per page type" id="10250" index="52" type="14"/>
 <Property name="Last modification date per page type" id="10250" index="53" type="14"/>
 <Property name="Last modification date per page type" id="10250" index="54" type="14"/>
 <Property name="Last modification date per page type" id="10250" index="55" type="14"/>
 <Property name="Last modification date per page type" id="10250" index="56" type="14"/>
 <Property name="Last modification date per page type" id="10250" index="57" type="14"/>
 <Property name="Last modification date per page type" id="10250" index="58" type="14"/>
 <Property name="Last modification date per page type" id="10250" index="59" type="14"/>
 <Property name="Last modification date per page type" id="10250" index="60" type="14"/>
 <Property name="Last modification date per page type" id="10250" index="61" type="14"/>
 <Property name="Last modification date per page type" id="10250" index="62" type="14"/>
 <Property name="Last modification date per page type" id="10250" index="63" type="14"/>
 <Property name="Last modification time per page type" id="10251" index="1" type="7">14:53:40</Property>
 <Property name="Last modification time per page type" id="10251" index="2" type="7"/>
 <Property name="Last modification time per page type" id="10251" index="3" type="7"/>
 <Property name="Last modification time per page type" id="10251" index="4" type="7"/>
 <Property name="Last modification time per page type" id="10251" index="5" type="7"/>
 <Property name="Last modification time per page type" id="10251" index="6" type="7"/>
 <Property name="Last modification time per page type" id="10251" index="7" type="7"/>
 <Property name="Last modification time per page type" id="10251" index="8" type="7"/>
 <Property name="Last modification time per page type" id="10251" index="9" type="7"/>
 <Property name="Last modification time per page type" id="10251" index="10" type="7"/>
 <Property name="Last modification time per page type" id="10251" index="11" type="7"/>
 <Property name="Last modification time per page type" id="10251" index="12" type="7"/>
 <Property name="Last modification time per page type" id="10251" index="13" type="7"/>
 <Property name="Last modification time per page type" id="10251" index="14" type="7"/>
 <Property name="Last modification time per page type" id="10251" index="15" type="7"/>
 <Property name="Last modification time per page type" id="10251" index="16" type="7"/>
 <Property name="Last modification time per page type" id="10251" index="17" type="7">15:02:19</Property>
 <Property name="Last modification time per page type" id="10251" index="18" type="7"/>
 <Property name="Last modification time per page type" id="10251" index="19" type="7"/>
 <Property name="Last modification time per page type" id="10251" index="20" type="7"/>
 <Property name="Last modification time per page type" id="10251" index="21" type="7"/>
 <Property name="Last modification time per page type" id="10251" index="22" type="7"/>
 <Property name="Last modification time per page type" id="10251" index="23" type="7"/>
 <Property name="Last modification time per page type" id="10251" index="24" type="7"/>
 <Property name="Last modification time per page type" id="10251" index="25" type="7"/>
 <Property name="Last modification time per page type" id="10251" index="26" type="7"/>
 <Property name="Last modification time per page type" id="10251" index="27" type="7"/>
 <Property name="Last modification time per page type" id="10251" index="28" type="7"/>
 <Property name="Last modification time per page type" id="10251" index="29" type="7"/>
 <Property name="Last modification time per page type" id="10251" index="30" type="7"/>
 <Property name="Last modification time per page type" id="10251" index="31" type="7"/>
 <Property name="Last modification time per page type" id="10251" index="32" type="7"/>
 <Property name="Last modification time per page type" id="10251" index="33" type="7"/>
 <Property name="Last modification time per page type" id="10251" index="34" type="7"/>
 <Property name="Last modification time per page type" id="10251" index="35" type="7"/>
 <Property name="Last modification time per page type" id="10251" index="36" type="7"/>
 <Property name="Last modification time per page type" id="10251" index="37" type="7"/>
 <Property name="Last modification time per page type" id="10251" index="38" type="7"/>
 <Property name="Last modification time per page type" id="10251" index="39" type="7"/>
 <Property name="Last modification time per page type" id="10251" index="40" type="7"/>
 <Property name="Last modification time per page type" id="10251" index="41" type="7"/>
 <Property name="Last modification time per page type" id="10251" index="42" type="7"/>
 <Property name="Last modification time per page type" id="10251" index="43" type="7"/>
 <Property name="Last modification time per page type" id="10251" index="44" type="7"/>
 <Property name="Last modification time per page type" id="10251" index="45" type="7"/>
 <Property name="Last modification time per page type" id="10251" index="46" type="7"/>
 <Property name="Last modification time per page type" id="10251" index="47" type="7"/>
 <Property name="Last modification time per page type" id="10251" index="48" type="7"/>
 <Property name="Last modification time per page type" id="10251" index="49" type="7"/>
 <Property name="Last modification time per page type" id="10251" index="50" type="7"/>
 <Property name="Total no. of pages" id="10300" index="0" type="4">12</Property>
 <Property name="Created pages" id="10301" index="0" type="4">11</Property>
 <Property name="Generated report pages" id="10302" index="0" type="4">1</Property>
 <Property name="Project status" id="10303" index="0" type="7">11&#9;1&#9;Terminals&#9;&#9;&#9;&#9;0&#9;0&#9;0&#9;2&#9;Plugs&#9;&#9;&#9;&#9;0&#9;0&#9;0&#9;3&#9;Cables&#9;&#9;&#9;&#9;0&#9;0&#9;0&#9;4&#9;PLC / bus&#9;&#9;&#9;&#9;0&#9;0&#9;0&#9;5&#9;Connections&#9;&#9;&#9;&#9;0&#9;0&#9;0&#9;7&#9;Devices&#9;&#9;&#9;&#9;0&#9;0&#9;0&#9;8&#9;Foreign languages&#9;&#9;&#9;&#9;0&#9;0&#9;0&#9;10&#9;Cross-references&#9;&#9;&#9;&#9;0&#9;0&#9;0&#9;11&#9;Interruption points&#9;&#9;&#9;&#9;0&#9;0&#9;0&#9;12&#9;2D panel layout&#9;&#9;&#9;&#9;0&#9;0&#9;0&#9;13&#9;Parts data&#9;&#9;&#9;&#9;0&#9;0&#9;0&#9;14&#9;Macro&#9;&#9;&#9;&#9;0&#9;0&#9;0&#9;15&#9;Reports&#9;&#9;&#9;&#9;0&#9;0&#9;0&#9;16&#9;Black boxes&#9;&#9;&#9;&#9;0&#9;0&#9;0&#9;17&#9;DT&#9;&#9;&#9;&#9;0&#9;0&#9;0&#9;18&#9;Data transfer EPLAN 5&#9;&#9;&#9;&#9;0&#9;0&#9;0&#9;19&#9;Data transfer EPLAN 21&#9;&#9;&#9;&#9;0&#9;0&#9;0&#9;20&#9;Project comparison&#9;&#9;&#9;&#9;0&#9;0&#9;0&#9;21&#9;Placeholder objects&#9;&#9;&#9;&#9;0&#9;0&#9;0&#9;22&#9;Other&#9;&#9;&#9;&#9;0&#9;0&#9;0&#9;24&#9;Fluid power&#9;&#9;&#9;&#9;0&#9;0&#9;0&#9;25&#9;Project settings&#9;&#9;&#9;&#9;0&#9;0&#9;0&#9;26&#9;3D mounting layout&#9;&#9;&#9;&#9;0&#9;0&#9;0&#9;27&#9;Topology&#9;&#9;&#9;&#9;0&#9;0&#9;0&#9;28&#9;Pre-planning &#9;&#9;&#9;&#9;0&#9;0&#9;0&#9;29&#9;Pre-planning depth&#9;&#9;&#9;&#9;0&#9;0&#9;0&#9;30&#9;Subprojects&#9;&#9;&#9;&#9;0&#9;0&#9;0&#9;32&#9;Drilling pattern&#9;&#9;&#9;&#9;0&#9;0&#9;0&#9;33&#9;Wire harness&#9;&#9;&#9;&#9;0&#9;0&#9;0&#9;501&#9;Part master data&#9;&#9;&#9;&#9;0&#9;0&#9;0&#9;999&#9;External&#9;&#9;&#9;&#9;0&#9;0&#9;0</Property>
 <Property name="Number of layout spaces" id="10304" index="0" type="4">0</Property>
 <Property name="Thermal design: Voltage" id="10310" index="0" type="4">5</Property>
 <Property name="Thermal design: Frequency" id="10311" index="0" type="4">1</Property>
 <Property name="Internal: Page format name" id="10400" index="0" type="15">##_##@703/SchemeDataProject;</Property>
 <Property name="Internal: Interruption point format name" id="10401" index="0" type="15">##_##@703/SchemeDataProject;</Property>
 <Property name="Internal: Busbar format name" id="10403" index="0" type="15">##_##@703/SchemeDataProject;</Property>
 <Property name="Internal: Standard device format name" id="10405" index="0" type="15">##_##@703/SchemeDataProject;</Property>
 <Property name="Internal: Device box format name" id="10406" index="0" type="15">##_##@703/SchemeDataProject;</Property>
 <Property name="Internal: PLC format name" id="10407" index="0" type="15">##_##@703/SchemeDataProject;</Property>
 <Property name="Internal: Terminal strip format name" id="10409" index="0" type="15">##_##@703/SchemeDataProject;</Property>
 <Property name="Internal: Plug format name" id="10410" index="0" type="15">##_##@703/SchemeDataProject;</Property>
 <Property name="Internal: Cable format name" id="10411" index="0" type="15">##_##@703/SchemeDataProject;</Property>
 <Property name="Internal: Fluid format name" id="10412" index="0" type="15">##_##@707/SchemeDataProject;</Property>
 <Property name="Internal: Distributor format name" id="10413" index="0" type="15">##_##@717/SchemeDataProject;</Property>
 <Property name="Internal: Mechanic format name" id="10414" index="0" type="15">##_##@703/SchemeDataProject;</Property>
 <Property name="Internal: Page format description" id="10420" index="0" type="15">##_##@703/SchemeDataProject;</Property>
 <Property name="Internal: Interruption point format description" id="10421" index="0" type="15">##_##@703/SchemeDataProject;</Property>
 <Property name="Internal: Busbar format description" id="10423" index="0" type="15">##_##@703/SchemeDataProject;</Property>
 <Property name="Internal: Standard device format description" id="10425" index="0" type="15">##_##@703/SchemeDataProject;</Property>
 <Property name="Internal: Device box format description" id="10426" index="0" type="15">##_##@703/SchemeDataProject;</Property>
 <Property name="Internal: PLC format description" id="10427" index="0" type="15">##_##@703/SchemeDataProject;</Property>
 <Property name="Internal: Terminal strip format description" id="10429" index="0" type="15">##_##@703/SchemeDataProject;</Property>
 <Property name="Internal: Plug format description" id="10430" index="0" type="15">##_##@703/SchemeDataProject;</Property>
 <Property name="Internal: Cable format description" id="10431" index="0" type="15">##_##@703/SchemeDataProject;</Property>
 <Property name="Internal: Fluid format description" id="10432" index="0" type="15">##_##@707/SchemeDataProject;</Property>
 <Property name="Internal: Distributor format description" id="10433" index="0" type="15">##_##@717/SchemeDataProject;</Property>
 <Property name="Internal: Mechanic format description" id="10434" index="0" type="15">##_##@703/SchemeDataProject;</Property>
 <Property name="Start page name with document type" id="10450" index="0" type="1">0</Property>
 <Property name="Source language" id="10500" index="0" type="4">25</Property>
 <Property name="Data backup: Method" id="10514" index="0" type="4">-1</Property>
 <Property name="Internal: Use defined working sections" id="10530" index="0" type="1">0</Property>
 <Property name="Block property: Format (interruption point)" id="10609" index="5" type="7">[20221&lt;20010,0,0,0,0,0,0,0,0,de_DE,0,0,0,0,0,0&gt;]-[20222,1&lt;4&lt;11037,0,0,0,0,0,0,0,0,de_DE,0,0,0,0,0,5&gt;&gt;][20222,1&lt;4&lt;11042,0,0,0,0,0,0,0,0,de_DE,0,0,0,0,0,0&gt;&gt;]-[20222,1&lt;20221&lt;19006,0,0,0,0,0,0,0,0,de_DE,0,0,0,0,0,0&gt;&gt;]/[20222,1&lt;20221&lt;19005,0,0,0,0,0,0,0,0,de_DE,0,0,0,0,0,0&gt;&gt;]</Property>
 <Property name="Block property: Replacement text" id="10660" index="5" type="7">=│??_??@0;│??_??@E;║=│??_??@2;│??_??@H;║=│??_??@3;│??_??@P;║=│??_??@4;│??_??@C;║=│??_??@5;│??_??@L;║=│??_??@6;│??_??@V;║=│??_??@7;│??_??@F;║=│??_??@8;│??_??@K;║=│??_??@9;│??_??@G;</Property>
 <Property name="Supplementary field" id="10901" index="1" type="15">de_DE@EPLAN Beispielprojekt;en_US@EPLAN sample project;nl_NL@EPLAN voorbeeldproject;fr_FR@Exemple de projet EPLAN;es_ES@Projecto de ejemplo EPLAN;sv_SE@EPLAN exempelprojekt;da_DK@EPLAN Projekteksempel;zh_CN@EPLAN 示例项目;ru_RU@Образец проекта EPLAN;pl_PL@Przykładowy projekt EPLAN;pt_BR@Exemplo de projeto EPLAN;cs_CZ@Vzorový projekt EPLAN;it_IT@Progetto di esempio EPLAN;hu_HU@EPLAN példa projekt;pt_PT@Exemplo de projeto EPLAN;ko_KR@EPLAN 샘플 프로젝트;ja_JP@EPLAN サンプル プロジェクト;tr_TR@EPLAN örnek projesi;ro_RO@Proiect eșantion EPLAN;zh_TW@EPLAN 樣本專案;</Property>
 <Property name="Type of project" id="10902" index="0" type="4">1</Property>
 <Property name="Internal: Number of repair processes of the project object" id="10904" index="0" type="4">0</Property>
 <Property name="Revision marker format (change tracking)" id="19031" index="0" type="7">[14&lt;10155,1,0,0,0,0,0,0,0,,0,0,,0,0&gt;][LF][14&lt;10157,1,0,0,0,0,0,0,0,,0,0,,0,0&gt;][LF][14&lt;10158,1,0,0,0,0,0,0,0,,0,0,,0,0&gt;]</Property>
</Properties>
